date,Dallas Cowboys,Green Bay Packers
2015-01-11 18:00:16.821,,
2015-01-11 18:00:32.630,31.74603,68.72119
2015-01-11 18:00:48.412,31.74566,68.62599
2015-01-11 18:01:04.186,31.74603,68.64927
2015-01-11 18:01:20.061,31.52858,68.49315
2015-01-11 18:01:35.795,31.7028,68.64447
2015-01-11 18:01:51.929,31.74603,68.92797
2015-01-11 18:02:07.632,31.74603,68.95969
2015-01-11 18:02:23.722,31.74603,68.59631
2015-01-11 18:02:39.394,31.74603,68.62328
2015-01-11 18:02:55.254,31.47316,68.8942
2015-01-11 18:03:11.006,31.74603,68.57201
2015-01-11 18:03:27.164,31.50889,68.8029
2015-01-11 18:03:42.943,31.74603,68.53773
2015-01-11 18:03:58.595,31.74603,68.53502
2015-01-11 18:04:14.409,31.74603,68.49315
2015-01-11 18:04:30.209,31.74603,68.03589
2015-01-11 18:04:46.025,32.25806,68.15315
2015-01-11 18:05:01.783,32.25806,68.02721
2015-01-11 18:05:17.904,32.25806,67.76664
2015-01-11 18:05:33.722,32.75966,67.56757
2015-01-11 18:05:49.811,32.40554,67.56757
2015-01-11 18:06:05.597,32.60886,67.6224
2015-01-11 18:06:21.417,32.28793,67.74719
2015-01-11 18:06:37.577,32.25806,67.69746
2015-01-11 18:06:54.606,33.33333,66.66667
2015-01-11 18:07:10.413,33.42862,66.90315
2015-01-11 18:07:26.190,33.44796,66.23739
2015-01-11 18:07:42.000,33.29675,66.69561
2015-01-11 18:07:57.954,33.33333,66.79959
2015-01-11 18:08:13.659,30.99997,69.97807
2015-01-11 18:08:29.454,28.57143,71.25699
2015-01-11 18:08:45.227,28.5716,72.57876
2015-01-11 18:09:00.982,28.5716,72.9927
2015-01-11 18:09:16.644,26.95937,73.48613
2015-01-11 18:09:32.748,26.17971,73.8009
2015-01-11 18:09:48.412,27.02703,72.37627
2015-01-11 18:10:04.210,27.28699,72.22374
2015-01-11 18:10:20.047,25,75.18797
2015-01-11 18:10:35.929,25,76.0503
2015-01-11 18:10:52.013,22.72727,77.35204
2015-01-11 18:11:08.182,22.26021,77.57264
2015-01-11 18:11:24.223,22.26021,76.37085
2015-01-11 18:11:40.861,22.72727,77.78873
2015-01-11 18:11:56.611,22.63798,77.88328
2015-01-11 18:12:12.709,21.2766,78.48806
2015-01-11 18:12:28.449,21.2766,78.21886
2015-01-11 18:12:44.520,23.24421,78.03054
2015-01-11 18:13:00.260,22.72727,78.33433
2015-01-11 18:13:16.032,21.2766,78.99287
2015-01-11 18:13:31.868,21.2766,76.9379
2015-01-11 18:13:47.592,23.65745,76.80899
2015-01-11 18:14:03.908,25.64103,76.30538
2015-01-11 18:14:19.609,25.21631,74.76904
2015-01-11 18:14:35.421,22.79962,76.90232
2015-01-11 18:14:51.195,21.14981,79.00883
2015-01-11 18:15:12.001,20.82487,79.10959
2015-01-11 18:15:27.795,20.83333,78.97406
2015-01-11 18:15:43.919,21.04024,78.52519
2015-01-11 18:15:59.628,20.72854,79.26454
2015-01-11 18:16:15.385,20.41257,79.36507
2015-01-11 18:16:33.792,20.44324,79.33194
2015-01-11 18:16:49.615,20.41108,79.36508
2015-01-11 18:17:05.472,20,80
2015-01-11 18:17:21.205,20,80.45198
2015-01-11 18:17:36.973,19.60784,80.55021
2015-01-11 18:17:52.621,19.74809,80.01447
2015-01-11 18:18:08.988,20.40241,79.52406
2015-01-11 18:18:24.823,21.2766,78.74016
2015-01-11 18:18:41.101,21.52997,79.16166
2015-01-11 18:18:56.785,21.2766,78.86103
2015-01-11 18:19:12.588,21.2468,79.03188
2015-01-11 18:19:28.989,21.2468,79.36508
2015-01-11 18:19:44.817,20.83333,79.38682
2015-01-11 18:20:00.618,20.83333,79.38703
2015-01-11 18:20:16.384,20.83333,79.55008
2015-01-11 18:20:32.285,21.2766,78.79377
2015-01-11 18:20:48.594,21.14869,79.38051
2015-01-11 18:21:04.440,21.2766,79.16644
2015-01-11 18:21:20.218,20.85398,79.4108
2015-01-11 18:21:36.071,20.85778,79.97535
2015-01-11 18:21:51.804,20.83333,78.63233
2015-01-11 18:22:07.582,23.25581,77.21226
2015-01-11 18:22:23.249,22.95243,77.46486
2015-01-11 18:22:39.373,22.04957,77.89806
2015-01-11 18:22:57.237,20.96602,79.25227
2015-01-11 18:23:13.055,22.54604,77.55688
2015-01-11 18:23:28.841,22.54604,76.65551
2015-01-11 18:23:44.858,23.68345,76.02504
2015-01-11 18:24:00.589,23.43512,76.84435
2015-01-11 18:24:16.425,22.72727,77.52118
2015-01-11 18:24:32.376,23.61549,76.4232
2015-01-11 18:24:48.610,24.39024,75.18797
2015-01-11 18:25:04.390,24.49462,75.4426
2015-01-11 18:25:20.568,24.8114,75.47828
2015-01-11 18:25:36.237,24.8114,74.72003
2015-01-11 18:25:52.009,25.92138,74.13094
2015-01-11 18:26:07.789,25.97403,74.07407
2015-01-11 18:26:23.641,26.31579,73.27836
2015-01-11 18:26:39.396,26.66667,73.80646
2015-01-11 18:26:55.542,27.74576,72.00863
2015-01-11 18:27:11.198,27.43181,71.52883
2015-01-11 18:27:27.116,28.16987,72.03135
2015-01-11 18:27:42.786,27.77778,71.96564
2015-01-11 18:27:59.234,27.62592,72.46377
2015-01-11 18:28:15.013,27.0182,72.10321
2015-01-11 18:28:31.040,27.80702,71.94245
2015-01-11 18:28:46.794,27.63704,73.45478
2015-01-11 18:29:02.592,26.63108,73.74518
2015-01-11 18:29:18.582,26.24389,74.07407
2015-01-11 18:29:34.218,25.97403,73.5452
2015-01-11 18:29:49.988,25.97403,73.52941
2015-01-11 18:30:05.829,25.97403,74.07407
2015-01-11 18:30:21.626,26.10912,73.54142
2015-01-11 18:30:37.459,29.99047,71.42232
2015-01-11 18:30:53.325,27.71406,72.89538
2015-01-11 18:31:09.037,27.77778,72.46377
2015-01-11 18:31:24.814,27.77778,72.9927
2015-01-11 18:31:40.628,28.15378,71.44875
2015-01-11 18:31:56.965,29.08995,70.71425
2015-01-11 18:32:12.810,30.01109,70.15578
2015-01-11 18:32:28.596,29.78633,70.39757
2015-01-11 18:32:44.463,30.23074,69.54209
2015-01-11 18:33:01.146,31.08275,68.78004
2015-01-11 18:33:16.813,30.43032,69.78525
2015-01-11 18:33:33.424,30.48232,69.92533
2015-01-11 18:33:49.272,30.65946,69.78655
2015-01-11 18:34:05.437,30.65946,70.25896
2015-01-11 18:34:21.204,30.2716,69.9604
2015-01-11 18:34:36.963,30.23561,70.19873
2015-01-11 18:34:52.598,30.09358,70.15061
2015-01-11 18:35:08.727,29.85075,70.36988
2015-01-11 18:35:24.367,29.85075,70.70896
2015-01-11 18:35:40.000,29.85075,70.4618
2015-01-11 18:35:56.216,29.41176,70.51135
2015-01-11 18:36:12.036,29.41176,70.46462
2015-01-11 18:36:27.819,29.89628,70.42254
2015-01-11 18:36:47.686,29.74942,70.85741
2015-01-11 18:37:14.628,29.80361,70.42254
2015-01-11 18:37:30.455,29.49699,70.57095
2015-01-11 18:37:46.246,29.85075,70.42523
2015-01-11 18:38:03.591,29.85075,70.42254
2015-01-11 18:38:19.706,30.25395,70.19865
2015-01-11 18:38:35.410,29.85075,70.42254
2015-01-11 18:38:51.215,29.85075,70.42254
2015-01-11 18:39:07.009,30.00331,70.1119
2015-01-11 18:39:22.788,30.56231,69.82507
2015-01-11 18:39:38.673,30.30303,69.39155
2015-01-11 18:39:54.456,31.93052,68.59994
2015-01-11 18:40:10.235,29.85075,67.09714
2015-01-11 18:40:26.036,29.73012,71.19003
2015-01-11 18:40:41.855,29.41176,71.41553
2015-01-11 18:40:58.379,29.41176,70.63736
2015-01-11 18:41:15.726,29.44244,70.42254
2015-01-11 18:41:31.378,28.98551,70.91333
2015-01-11 18:41:47.025,29.31747,70.92199
2015-01-11 18:42:02.771,29.41176,70.92199
2015-01-11 18:42:19.221,29.41176,70.87838
2015-01-11 18:42:35.263,29.41176,70.42254
2015-01-11 18:42:51.013,29.68724,70.9212
2015-01-11 18:43:06.798,29.85075,70.42254
2015-01-11 18:43:22.644,30.08676,70.81135
2015-01-11 18:43:38.390,30.29772,69.99292
2015-01-11 18:43:54.238,30.29772,68.96552
2015-01-11 18:44:10.333,30.48279,68.53449
2015-01-11 18:44:26.042,32.30239,67.85549
2015-01-11 18:44:41.829,31.80166,68.26934
2015-01-11 18:44:57.672,31.80166,69.16357
2015-01-11 18:45:13.417,31.19583,68.60823
2015-01-11 18:45:29.448,31.25,68.58532
2015-01-11 18:45:45.502,30.54105,71.30312
2015-01-11 18:46:06.239,26.96911,72.61714
2015-01-11 18:46:22.139,26.52614,73.37359
2015-01-11 18:46:37.800,26.41972,73.46053
2015-01-11 18:46:53.573,27.06648,73.09673
2015-01-11 18:47:09.420,29.79145,70.91072
2015-01-11 18:47:25.224,27.24041,73.39256
2015-01-11 18:47:41.221,25.49052,74.34898
2015-01-11 18:47:57.670,25.62357,74.2987
2015-01-11 18:48:13.429,26.06419,74.12883
2015-01-11 18:48:29.490,27.02703,73.98142
2015-01-11 18:48:45.205,27.41708,73.26037
2015-01-11 18:49:01.285,28.57143,71.43555
2015-01-11 18:49:17.062,28.47197,71.5809
2015-01-11 18:49:32.790,31.54454,68.69428
2015-01-11 18:49:48.599,36.49635,63.29668
2015-01-11 18:50:04.449,37.134,61.98053
2015-01-11 18:50:20.574,38.42012,61.74256
2015-01-11 18:50:36.502,38.42012,60.97561
2015-01-11 18:50:52.195,39.37008,60.49661
2015-01-11 18:51:08.025,39.74326,59.92718
2015-01-11 18:51:24.217,40.42499,59.76751
2015-01-11 18:51:39.988,40,59.92905
2015-01-11 18:51:55.766,40.32135,60.01858
2015-01-11 18:52:11.780,40.042,59.88135
2015-01-11 18:52:27.502,40.32258,59.62842
2015-01-11 18:52:43.345,41.32231,59.48536
2015-01-11 18:53:05.138,41.32231,58.47953
2015-01-11 18:53:20.819,43.50758,56.3158
2015-01-11 18:53:36.621,44.24779,55.65614
2015-01-11 18:53:52.404,45.13545,54.89574
2015-01-11 18:54:08.628,47.27076,52.91005
2015-01-11 18:54:24.445,48.93703,52.88882
2015-01-11 18:54:40.189,47.41786,52.67941
2015-01-11 18:54:56.017,47.80774,52.33669
2015-01-11 18:55:11.881,48.1406,51.86055
2015-01-11 18:55:27.603,50,51.86055
2015-01-11 18:55:43.535,50,51.86055
2015-01-11 18:55:59.413,55.54376,45.45455
2015-01-11 18:56:15.241,54.7269,45.41391
2015-01-11 18:56:36.013,55.05697,44.99035
2015-01-11 18:56:51.804,55.10045,44.76133
2015-01-11 18:57:07.632,55.19532,45.0062
2015-01-11 18:57:33.637,55.04405,45.06714
2015-01-11 18:57:49.394,54.99621,45.21236
2015-01-11 18:58:05.222,54.7154,45.30601
2015-01-11 18:58:20.991,54.61552,45.45335
2015-01-11 18:58:36.817,54.85678,45.45455
2015-01-11 18:58:52.680,55.05111,45.15707
2015-01-11 18:59:09.154,55.4159,44.99104
2015-01-11 18:59:24.828,55.45405,45.0141
2015-01-11 18:59:40.597,55.5568,44.5892
2015-01-11 18:59:56.433,56.02363,43.8657
2015-01-11 19:00:12.227,57.22169,43.5713
2015-01-11 19:00:28.536,58.43016,42.02304
2015-01-11 19:00:44.204,58.18779,68.19696
2015-01-11 19:01:00.047,58.24943,42.03608
2015-01-11 19:01:15.818,55.58483,44.24779
2015-01-11 19:01:32.090,55.90961,44.57997
2015-01-11 19:01:47.766,57.46144,43.47826
2015-01-11 19:02:03.384,57.88871,43.03105
2015-01-11 19:02:19.445,58.78334,41.29656
2015-01-11 19:02:35.435,58.45658,41.36209
2015-01-11 19:02:51.345,58.19782,41.88043
2015-01-11 19:03:07.011,62.5,37.59398
2015-01-11 19:03:22.813,62.5,37.59398
2015-01-11 19:03:38.680,62.5,37.37896
2015-01-11 19:03:54.747,62.23503,37.37896
2015-01-11 19:04:10.408,61.15456,40
2015-01-11 19:04:26.237,61.12324,39.71262
2015-01-11 19:04:42.078,61.34617,39.5017
2015-01-11 19:04:58.731,60.93226,39.62255
2015-01-11 19:05:14.772,61.11771,39.0625
2015-01-11 19:05:30.399,61.44604,38.50022
2015-01-11 19:05:46.224,61.22781,38.51085
2015-01-11 19:06:02.052,61.29456,38.75969
2015-01-11 19:06:17.796,61.34969,38.75969
2015-01-11 19:06:33.636,61.35543,38.55621
2015-01-11 19:06:49.766,60.58556,38.78273
2015-01-11 19:07:05.388,59.96692,40.03318
2015-01-11 19:07:21.194,60.48065,38.91109
2015-01-11 19:07:37.042,61.73689,38.57524
2015-01-11 19:07:52.795,61.94437,37.64937
2015-01-11 19:08:08.601,61.73568,38.29019
2015-01-11 19:08:24.435,61.867,38.34562
2015-01-11 19:08:41.020,62.12403,38.16794
2015-01-11 19:08:57.982,62.98769,37.61779
2015-01-11 19:09:13.639,63.66646,37.61779
2015-01-11 19:09:29.441,63.71191,36.23188
2015-01-11 19:09:45.509,63.95514,36.23188
2015-01-11 19:10:01.242,64.51277,36.23188
2015-01-11 19:10:17.005,60.97462,38.46154
2015-01-11 19:10:32.844,60.02856,40.19557
2015-01-11 19:10:48.685,62.55585,36.68182
2015-01-11 19:11:09.408,64.51613,35.71429
2015-01-11 19:11:25.549,66.66667,35.71429
2015-01-11 19:11:41.271,65.78848,34.04706
2015-01-11 19:11:57.015,68.41939,31.74603
2015-01-11 19:12:12.775,68.42146,32.05168
2015-01-11 19:12:28.561,68.02611,32.05168
2015-01-11 19:12:44.965,67.56757,32.78689
2015-01-11 19:13:01.546,67.81726,32.481
2015-01-11 19:13:17.233,67.76125,32.25806
2015-01-11 19:13:32.996,68.071,32.25806
2015-01-11 19:13:48.818,68.86271,30.97061
2015-01-11 19:14:04.675,69.44444,30.76923
2015-01-11 19:14:20.388,69.44877,30.30303
2015-01-11 19:14:36.328,69.48948,30.49036
2015-01-11 19:14:51.986,70.5511,30.72975
2015-01-11 19:15:07.789,70.73394,29.85075
2015-01-11 19:15:23.630,71.00594,30.61205
2015-01-11 19:15:39.471,69.40259,31.20375
2015-01-11 19:15:55.199,69.86071,30.65646
2015-01-11 19:16:11.377,72.40855,28.57143
2015-01-11 19:16:27.074,71.47281,28.39746
2015-01-11 19:16:42.788,71.05764,28.16901
2015-01-11 19:16:59.162,71.30062,28.16901
2015-01-11 19:17:14.822,71.40905,28.57143
2015-01-11 19:17:30.614,71.2385,28.95907
2015-01-11 19:17:46.410,70.96712,28.57143
2015-01-11 19:18:08.715,70.01722,29.52826
2015-01-11 19:18:28.734,69.93007,29.52826
2015-01-11 19:18:44.401,69.15061,31.07337
2015-01-11 19:19:00.264,69.53917,30.36828
2015-01-11 19:19:16.526,69.93007,30.30303
2015-01-11 19:19:32.235,71.3683,29.52897
2015-01-11 19:19:48.086,69.93007,30.30303
2015-01-11 19:20:03.843,69.0438,30.3276
2015-01-11 19:20:19.589,65.78947,30.3276
2015-01-11 19:20:35.414,65.78947,30.3276
2015-01-11 19:20:51.599,64.51661,35.65885
2015-01-11 19:21:07.424,65.35723,34.3553
2015-01-11 19:21:23.374,65.34254,34.24658
2015-01-11 19:21:39.950,64.93506,34.24658
2015-01-11 19:21:55.586,65.7749,34.32404
2015-01-11 19:22:11.725,66.65462,33.33562
2015-01-11 19:22:27.432,66.75816,33.22368
2015-01-11 19:22:43.195,66.22517,33.33333
2015-01-11 19:22:59.450,65.88461,33.33333
2015-01-11 19:23:15.230,65.78947,34.24658
2015-01-11 19:23:32.318,64.05744,39.0625
2015-01-11 19:23:48.033,63.6912,37.31343
2015-01-11 19:24:03.782,63.64904,36.93818
2015-01-11 19:24:19.421,58.32721,42.16212
2015-01-11 19:24:35.227,58.97482,41.03244
2015-01-11 19:24:51.544,58.97019,40.98361
2015-01-11 19:25:07.314,58.73074,40.72765
2015-01-11 19:25:23.025,57.86042,42.37302
2015-01-11 19:25:39.290,57.09521,42.96514
2015-01-11 19:25:55.037,57.27012,42.68739
2015-01-11 19:26:10.849,57.42317,42.69086
2015-01-11 19:26:26.668,58.16291,42.28239
2015-01-11 19:26:42.777,58.17301,41.86788
2015-01-11 19:27:00.444,58.72971,41.68058
2015-01-11 19:27:16.421,58.82353,41.08503
2015-01-11 19:27:32.834,57.29741,42.93174
2015-01-11 19:27:48.675,57.02052,42.87243
2015-01-11 19:28:09.557,57.37419,42.425
2015-01-11 19:28:25.201,60.24096,40
2015-01-11 19:28:41.054,60.6525,39.37008
2015-01-11 19:28:56.823,60.60898,39.59676
2015-01-11 19:29:12.636,60.66931,39.56277
2015-01-11 19:29:28.428,60.12757,44.24779
2015-01-11 19:29:44.527,55.6473,44.29679
2015-01-11 19:30:00.224,56.25392,43.33593
2015-01-11 19:30:16.076,56.04001,43.10345
2015-01-11 19:30:32.344,55.52746,44.94591
2015-01-11 19:30:47.993,55.94711,73.42848
2015-01-11 19:31:04.872,55.58991,44.24779
2015-01-11 19:31:20.604,55.75566,44.38247
2015-01-11 19:31:36.500,55.95265,44.19565
2015-01-11 19:31:52.226,55.78905,44.24039
2015-01-11 19:32:07.995,53.98776,46.0358
2015-01-11 19:32:23.847,54.30875,45.56218
2015-01-11 19:32:40.057,54.11152,45.92644
2015-01-11 19:32:55.874,53.6569,46.64072
2015-01-11 19:33:11.629,53.68681,46.53922
2015-01-11 19:33:27.388,53.76344,45.90415
2015-01-11 19:33:43.249,54.03956,45.81452
2015-01-11 19:33:59.595,54.99685,45.86335
2015-01-11 19:34:15.413,54.02086,45.87642
2015-01-11 19:34:31.413,53.79299,46.074
2015-01-11 19:34:47.194,53.79299,47.16981
2015-01-11 19:35:03.108,53.50465,47.02178
2015-01-11 19:35:18.852,53.58813,46.75429
2015-01-11 19:35:34.617,52.86447,46.2963
2015-01-11 19:35:50.414,53.26724,46.72897
2015-01-11 19:36:06.708,53.47397,47.06254
2015-01-11 19:36:22.382,52.9159,47.16981
2015-01-11 19:36:38.376,53.525,47.16981
2015-01-11 19:36:54.015,53.48009,46.73332
2015-01-11 19:37:10.441,53.47594,46.72841
2015-01-11 19:37:26.196,53.47594,46.49638
2015-01-11 19:37:42.394,53.28898,47.02206
2015-01-11 19:37:58.860,53.47564,47.16981
2015-01-11 19:38:14.644,53.62382,46.72897
2015-01-11 19:38:33.324,53.47464,46.72897
2015-01-11 19:38:49.009,53.47594,46.31099
2015-01-11 19:39:05.319,53.74844,46.41655
2015-01-11 19:39:20.967,54.34783,45.87156
2015-01-11 19:39:36.573,54.25297,45.87156
2015-01-11 19:39:52.317,54.05405,45.87156
2015-01-11 19:40:07.965,54.26899,46.2963
2015-01-11 19:40:23.918,54.24784,46.2963
2015-01-11 19:40:39.926,54.0831,46.03872
2015-01-11 19:40:55.570,54.34783,45.59271
2015-01-11 19:41:11.493,54.04946,46.10908
2015-01-11 19:41:27.158,53.86397,45.87156
2015-01-11 19:41:42.747,54.05405,45.87156
2015-01-11 19:41:58.646,54.00733,46.07502
2015-01-11 19:42:15.182,54.05405,45.88177
2015-01-11 19:42:30.753,54.05405,45.87156
2015-01-11 19:42:46.358,54.34783,45.87156
2015-01-11 19:43:02.141,54.24254,45.87156
2015-01-11 19:43:17.762,54.32828,45.87156
2015-01-11 19:43:33.420,54.34783,45.87156
2015-01-11 19:43:49.611,54.34783,45.87156
2015-01-11 19:44:05.594,54.29864,46.14677
2015-01-11 19:44:21.434,54.31587,46.29234
2015-01-11 19:44:37.161,54.34783,45.87156
2015-01-11 19:44:52.773,54.67809,45.49533
2015-01-11 19:45:08.402,54.85695,45.45455
2015-01-11 19:45:24.170,54.64481,45.45455
2015-01-11 19:45:39.753,54.94505,45.45455
2015-01-11 19:45:55.677,54.76589,45.12469
2015-01-11 19:46:11.365,54.50175,45.04505
2015-01-11 19:46:26.988,54.74785,45.33345
2015-01-11 19:46:42.758,54.19893,45.87156
2015-01-11 19:46:58.647,54.18322,46.2963
2015-01-11 19:47:14.428,54.43896,46.23873
2015-01-11 19:47:30.200,54.43896,46.23873
2015-01-11 19:47:46.311,53.76626,46.2963
2015-01-11 19:48:02.150,54.87716,46.2963
2015-01-11 19:48:17.799,54.04309,46.06951
2015-01-11 19:48:33.555,53.47594,46.06951
2015-01-11 19:48:52.441,53.59769,46.06951
2015-01-11 19:49:08.169,54.47516,47.16981
2015-01-11 19:49:23.751,53.41895,46.96829
2015-01-11 19:49:39.362,52.82615,49.90686
2015-01-11 19:49:55.172,51.77087,46.83614
2015-01-11 19:50:10.753,54.52501,46.24893
2015-01-11 19:50:26.355,55.32355,44.99614
2015-01-11 19:50:42.361,55.55556,44.99614
2015-01-11 19:50:58.526,54.94505,46.2963
2015-01-11 19:51:14.186,55.15779,42.01681
2015-01-11 19:51:29.961,60.58609,35.60018
2015-01-11 19:51:45.555,60.38441,40.19226
2015-01-11 19:52:01.167,63.04815,38.68084
2015-01-11 19:52:17.042,61.2948,39.37008
2015-01-11 19:52:32.760,60.05052,40.24767
2015-01-11 19:52:48.447,59.18778,41.15329
2015-01-11 19:53:04.154,59.17375,40.6688
2015-01-11 19:53:19.755,59.1716,40.65041
2015-01-11 19:53:35.386,59.38052,40.65041
2015-01-11 19:53:51.158,59.52381,40.65041
2015-01-11 19:54:06.813,59.88024,40.31307
2015-01-11 19:54:22.581,59.89601,40
2015-01-11 19:54:38.151,59.6277,40.65041
2015-01-11 19:54:53.773,59.55702,40.63017
2015-01-11 19:55:09.353,60.55836,36.58437
2015-01-11 19:55:25.133,64.09064,36.58437
2015-01-11 19:55:40.755,64.16023,35.77084
2015-01-11 19:55:56.378,64.01891,35.77084
2015-01-11 19:56:12.422,62.93481,36.76471
2015-01-11 19:56:28.669,62.93481,36.76471
2015-01-11 19:56:44.366,61.59392,38.56737
2015-01-11 19:56:59.975,62.13259,38.16794
2015-01-11 19:57:15.578,62.5,37.21552
2015-01-11 19:57:31.166,64.36969,35.97122
2015-01-11 19:57:46.834,64.36969,35.97122
2015-01-11 19:58:02.984,64.36969,35.97122
2015-01-11 19:58:18.761,63.53439,36.76471
2015-01-11 19:58:34.616,63.53524,36.24931
2015-01-11 19:58:51.902,64.8945,35.43462
2015-01-11 19:59:26.761,64.52701,36.17797
2015-01-11 19:59:42.434,66.21628,33.33333
2015-01-11 19:59:58.797,66.22213,33.33333
2015-01-11 20:00:14.594,59.84248,43.92968
2015-01-11 20:00:42.853,50.35612,49.74243
2015-01-11 20:01:06.775,50.78053,49.34168
2015-01-11 20:01:22.489,51.12674,49.04567
2015-01-11 20:01:38.228,52.60562,48.1653
2015-01-11 20:01:54.362,53.0425,47.6162
2015-01-11 20:02:09.994,53.19126,47.44357
2015-01-11 20:02:26.126,51.65626,51.29822
2015-01-11 20:02:42.159,45.34123,54.7075
2015-01-11 20:02:57.807,45.34497,54.66459
2015-01-11 20:03:16.189,45.87156,54.51506
2015-01-11 20:03:32.019,45.63408,54.35446
2015-01-11 20:03:48.189,45.19276,54.64481
2015-01-11 20:04:03.996,45.45455,55.45084
2015-01-11 20:04:25.716,45.82717,54.24188
2015-01-11 20:04:41.414,51.13015,49.26222
2015-01-11 20:04:57.208,47.61905,52.29468
2015-01-11 20:05:13.106,47.61905,52.63158
2015-01-11 20:05:28.815,46.94147,52.64807
2015-01-11 20:05:44.593,46.34994,50.99613
2015-01-11 20:06:00.518,49.54128,50.09173
2015-01-11 20:06:16.225,49.99709,50.00245
2015-01-11 20:06:32.018,50.93577,49.01961
2015-01-11 20:06:48.410,50.85773,48.93164
2015-01-11 20:07:14.375,51.79129,46.73169
2015-01-11 20:07:30.254,55.17309,44.64286
2015-01-11 20:07:46.361,54.99417,44.64286
2015-01-11 20:08:03.365,52.64791,47.61043
2015-01-11 20:08:18.978,51.16134,48.54368
2015-01-11 20:08:34.637,50.37138,49.86616
2015-01-11 20:08:50.438,50.36624,50.57839
2015-01-11 20:09:06.253,50.46816,49.51062
2015-01-11 20:09:22.537,50,50.46304
2015-01-11 20:09:38.201,50,50.3477
2015-01-11 20:09:54.039,50.23056,50.40036
2015-01-11 20:10:09.810,50.15861,50.12066
2015-01-11 20:10:25.657,50,50.00339
2015-01-11 20:10:43.371,50.13296,50.42524
2015-01-11 20:10:59.043,51.08087,47.7841
2015-01-11 20:11:14.870,52.64082,47.50928
2015-01-11 20:11:30.818,50.99075,49.48159
2015-01-11 20:11:46.959,51.38077,48.93109
2015-01-11 20:12:02.811,52.7007,47.61905
2015-01-11 20:12:18.648,54.41467,46.25566
2015-01-11 20:12:34.716,55.45573,45.31684
2015-01-11 20:12:50.401,56.01824,44.15011
2015-01-11 20:13:06.339,58.71243,40.69452
2015-01-11 20:13:22.013,60.26339,40.69452
2015-01-11 20:13:37.801,60.42291,39.43568
2015-01-11 20:13:55.020,66.67409,34.68306
2015-01-11 20:14:10.841,66.8974,33.24152
2015-01-11 20:14:26.630,67.76045,32.48084
2015-01-11 20:14:42.369,68.69896,30.04078
2015-01-11 20:14:58.045,68.74828,30.04078
2015-01-11 20:15:14.253,68.9376,31.5332
2015-01-11 20:15:30.044,68.49017,31.74603
2015-01-11 20:15:46.495,68.22458,31.32412
2015-01-11 20:16:02.729,69.15108,30.48616
2015-01-11 20:16:18.414,69.85845,30.58565
2015-01-11 20:16:35.012,69.10652,31.17523
2015-01-11 20:16:50.813,68.48858,31.74603
2015-01-11 20:17:06.589,68.76477,31.59799
2015-01-11 20:17:22.460,68.74148,31.74603
2015-01-11 20:17:38.213,68.11571,31.74603
2015-01-11 20:17:54.003,68.88464,31.74603
2015-01-11 20:18:10.117,69.77851,30.32354
2015-01-11 20:18:25.800,71.33468,29.85075
2015-01-11 20:18:41.595,68.96552,29.85075
2015-01-11 20:18:57.454,68.49315,31.25
2015-01-11 20:19:13.184,69.72242,31.64049
2015-01-11 20:20:18.582,68.96254,30.97843
2015-01-11 20:20:34.203,69.57671,30.51048
2015-01-11 20:20:50.353,69.44444,30.76923
2015-01-11 20:21:06.047,69.41205,30.7661
2015-01-11 20:21:22.107,69.43378,30.61365
2015-01-11 20:21:37.839,68.49315,31.25
2015-01-11 20:21:54.327,67.15886,32.71481
2015-01-11 20:22:10.030,67.23424,33.24214
2015-01-11 20:22:25.869,68.37109,32.63154
2015-01-11 20:22:41.592,69.32715,30.30676
2015-01-11 20:22:57.696,69.50052,30.64322
2015-01-11 20:23:13.465,67.56757,32.78689
2015-01-11 20:23:29.194,68.38213,32.03706
2015-01-11 20:23:45.014,67.95902,32.67073
2015-01-11 20:24:00.842,62.55019,35.73202
2015-01-11 20:24:16.598,63.10261,37.12184
2015-01-11 20:24:32.904,64.6092,36.43795
2015-01-11 20:24:48.609,62.89308,37.20188
2015-01-11 20:25:04.430,63.59214,36.47257
2015-01-11 20:25:20.163,65.15317,36.49635
2015-01-11 20:25:35.895,64.54164,36.27007
2015-01-11 20:25:51.723,64.21361,35.97122
2015-01-11 20:26:07.407,64.85467,35.97122
2015-01-11 20:26:23.534,67.89169,30.84707
2015-01-11 20:26:39.266,67.08185,32.98472
2015-01-11 20:26:55.007,68.73989,32.78689
2015-01-11 20:27:10.839,69.28756,30.41327
2015-01-11 20:27:26.666,69.26872,30.64949
2015-01-11 20:27:42.489,51.48465,49.01029
2015-01-11 20:28:02.030,49.84614,50.0173
2015-01-11 20:28:17.883,52.22561,50.2756
2015-01-11 20:28:33.747,50.43681,49.68419
2015-01-11 20:28:50.103,51.31422,48.50189
2015-01-11 20:29:05.866,51.17564,48.56178
2015-01-11 20:29:21.650,51.66559,47.97873
2015-01-11 20:29:37.886,51.99428,48.21304
2015-01-11 20:29:53.640,52.6184,47.61905
2015-01-11 20:30:09.793,52.59493,47.97101
2015-01-11 20:30:25.743,52.9914,46.77085
2015-01-11 20:30:41.389,52.52858,48.16688
2015-01-11 20:30:57.380,53.59652,46.72897
2015-01-11 20:31:13.064,53.13358,46.96319
2015-01-11 20:31:28.839,55.38154,45.45455
2015-01-11 20:31:44.612,59.8801,40.28455
2015-01-11 20:32:00.710,58.63895,41.19996
2015-01-11 20:32:16.764,58.55764,40.98361
2015-01-11 20:32:32.391,54.4164,46.4271
2015-01-11 20:32:48.215,54.00635,46.30698
2015-01-11 20:33:05.577,52.50168,47.73609
2015-01-11 20:33:21.218,51.02469,48.56652
2015-01-11 20:33:37.178,50.90635,49.50495
2015-01-11 20:33:52.876,51.3757,48.57913
2015-01-11 20:34:08.607,51.06118,48.96049
2015-01-11 20:34:24.482,51.22264,48.8338
2015-01-11 20:34:40.236,51.23789,48.62186
2015-01-11 20:34:56.379,50.46703,49.91368
2015-01-11 20:35:12.002,45.66441,54.25524
2015-01-11 20:35:27.937,46.17764,56.1048
2015-01-11 20:35:43.574,46.05965,56.84088
2015-01-11 20:35:59.241,44.71998,56.4208
2015-01-11 20:36:16.010,44.71998,56.87719
2015-01-11 20:36:31.970,43.10345,57.36176
2015-01-11 20:36:48.001,42.01168,58.2079
2015-01-11 20:37:04.305,42.37288,58.03303
2015-01-11 20:37:20.090,42.62337,57.27559
2015-01-11 20:37:35.880,42.61593,57.22435
2015-01-11 20:37:51.617,42.61593,56.78532
2015-01-11 20:38:07.929,43.10345,56.57936
2015-01-11 20:38:24.168,43.91532,56.51914
2015-01-11 20:38:39.890,43.85965,55.76918
2015-01-11 20:38:55.617,42.76977,57.75441
2015-01-11 20:39:11.960,40.76346,60.04401
2015-01-11 20:39:28.033,40.76346,57.7063
2015-01-11 20:39:43.824,42.96403,58.7368
2015-01-11 20:39:59.618,45.45455,58.04666
2015-01-11 20:40:44.606,39.48252,62.98739
2015-01-11 20:41:05.417,37.78019,62.44656
2015-01-11 20:41:21.185,37.02994,65.27983
2015-01-11 20:41:37.036,33.67285,66.37545
2015-01-11 20:41:52.837,33.38839,66.19339
2015-01-11 20:42:08.966,33.346,66.11474
2015-01-11 20:42:24.648,33.82858,66.68822
2015-01-11 20:42:40.430,33.5915,67.42416
2015-01-11 20:42:56.237,31.05023,69.33823
2015-01-11 20:43:11.991,32.28178,68.50938
2015-01-11 20:43:32.810,35.8532,67.18146
2015-01-11 20:43:48.588,33.33333,66.71188
2015-01-11 20:44:04.957,32.84326,68.04171
2015-01-11 20:44:20.601,32.65519,67.8546
2015-01-11 20:44:36.422,32.65519,68.1311
2015-01-11 20:44:52.240,31.1667,69.58405
2015-01-11 20:45:08.004,28.48254,71.24059
2015-01-11 20:45:23.876,29.13578,71.17392
2015-01-11 20:45:40.238,29.5363,70.80908
2015-01-11 20:45:56.054,30.43289,70.12347
2015-01-11 20:46:11.785,30.42623,68.94058
2015-01-11 20:46:27.601,33.33333,67.28313
2015-01-11 20:46:43.482,31.59037,68.13228
2015-01-11 20:46:59.208,30.78987,69.42304
2015-01-11 20:47:15.075,30.63828,69.58799
2015-01-11 20:47:31.118,30.3008,70.25992
2015-01-11 20:47:46.872,30.46458,69.64223
2015-01-11 20:48:03.361,29.92014,69.87968
2015-01-11 20:48:18.984,30.30303,69.85368
2015-01-11 20:48:34.877,30.00413,69.98532
2015-01-11 20:48:50.774,29.68845,70.41501
2015-01-11 20:49:06.684,29.43023,71.04141
2015-01-11 20:49:23.186,28.96885,70.94282
2015-01-11 20:49:39.000,29.48768,70.52335
2015-01-11 20:49:59.793,33.30328,67.39714
2015-01-11 20:50:15.637,33.31488,66.89409
2015-01-11 20:50:31.861,33.27998,66.68718
2015-01-11 20:50:49.256,35.00205,65.1677
2015-01-11 20:51:05.007,37.67775,62.16237
2015-01-11 20:51:20.787,38.18988,61.93724
2015-01-11 20:51:37.085,39.95662,60.51853
2015-01-11 20:51:52.869,39.03847,60.7747
2015-01-11 20:52:08.591,38.43112,61.34969
2015-01-11 20:52:25.197,37.30301,62.18546
2015-01-11 20:52:41.017,37.30301,66.95579
2015-01-11 20:52:57.204,33.16818,66.56475
2015-01-11 20:53:13.057,29.40635,70.66478
2015-01-11 20:53:29.500,29.40635,70.61573
2015-01-11 20:53:45.200,32.91139,69.34205
2015-01-11 20:54:01.021,47.12572,58.56825
2015-01-11 20:54:16.826,55.82878,42.25577
2015-01-11 20:54:32.921,57.93393,42.01777
2015-01-11 20:54:48.620,58.31463,40.99606
2015-01-11 20:55:09.458,51.1247,49.93388
2015-01-11 20:55:25.292,49.77272,50.86692
2015-01-11 20:55:41.029,49.85178,50.05376
2015-01-11 20:55:58.020,50.18288,49.32923
2015-01-11 20:56:13.897,50.9457,49.52513
2015-01-11 20:56:30.051,50.69572,48.67701
2015-01-11 20:56:45.795,51.02792,48.77954
2015-01-11 20:57:02.117,50.77945,49.75171
2015-01-11 20:57:17.929,48.82871,52.47153
2015-01-11 20:57:33.636,46.95196,58.48063
2015-01-11 20:57:49.428,36.42621,70.77229
2015-01-11 20:58:05.246,21.70472,78.42678
2015-01-11 20:58:21.121,19.78523,81.7822
2015-01-11 20:58:36.889,20.12012,79.95992
2015-01-11 20:58:52.933,21.2766,80.01297
2015-01-11 20:59:11.931,23.16372,78.10726
2015-01-11 20:59:28.205,21.31503,78.68942
2015-01-11 20:59:43.984,19.5671,81.4778
2015-01-11 20:59:59.849,20.93141,79.97658
2015-01-11 21:00:15.693,19.44761,81.06739
2015-01-11 21:00:31.556,18.26098,81.66653
2015-01-11 21:00:53.328,47.59998,63.83132
2015-01-11 21:01:13.008,5.714286,94.33962
2015-01-11 21:01:29.469,4.761905,95.41699
2015-01-11 21:01:45.207,5.420251,95.6462
2015-01-11 21:02:01.112,4.646705,95.88063
2015-01-11 21:02:16.814,5.249627,93.23095
2015-01-11 21:02:36.085,7.407407,92.75336
2015-01-11 21:02:51.865,7.406855,92.96596
2015-01-11 21:03:08.033,10,91.08873
2015-01-11 21:03:23.938,10,90.60326
2015-01-11 21:03:41.127,10,89.94995
2015-01-11 21:03:56.905,10.52806,90.09709
2015-01-11 21:04:13.154,10.06311,89.62989
2015-01-11 21:04:28.898,10.13678,90.38638
2015-01-11 21:04:44.654,9.818603,90.14328
2015-01-11 21:05:00.890,9.160569,90.92047
2015-01-11 21:05:17.689,9.090909,91.48814
2015-01-11 21:05:33.591,9.635947,90.60614
2015-01-11 21:05:49.757,10.6383,89.27876
2015-01-11 21:06:06.075,10.74766,88.77912
2015-01-11 21:06:26.860,10.79762,89.55222
2015-01-11 21:06:42.697,9.090909,89.92194
2015-01-11 21:06:58.470,10.22033,89.92747
2015-01-11 21:07:19.947,9.835931,90.1107
2015-01-11 21:07:35.678,9.52381,88.79526
2015-01-11 21:07:51.502,10.86957,89.33997
2015-01-11 21:08:07.358,10.56363,89.68966
2015-01-11 21:08:23.125,7.309879,93.00747
2015-01-11 21:08:38.883,7.309879,99.0099
2015-01-11 21:08:54.878,0.5,99.0099
2015-01-11 21:09:11.210,0.3568353,99.0099
2015-01-11 21:09:27.070,0.1531081,99.0099
2015-01-11 21:09:43.630,0.1,99.0099
2015-01-11 21:09:59.438,0.1,99.0099
2015-01-11 21:10:15.699,0.1,99.0099
2015-01-11 21:10:31.467,0.1,99.0099
2015-01-11 21:10:48.195,0.1,99.0099
2015-01-11 21:11:04.013,0.1,99.0099
2015-01-11 21:11:23.338,0.1,99.0099
2015-01-11 21:11:39.231,0.1,99.0099
2015-01-11 21:11:55.101,0.1,99.0099
2015-01-11 21:12:10.875,0.1,99.0099
