date,Jo-Wilfried Tsonga,Stanislas Wawrinka
2014-11-21 13:00:16.472,,
2014-11-21 13:00:32.315,44.64286,55.44064
2014-11-21 13:00:48.037,48.56179,55.39672
2014-11-21 13:01:03.797,44.34028,55.80977
2014-11-21 13:01:19.634,44.34028,55.98391
2014-11-21 13:01:35.470,44.34028,55.88098
2014-11-21 13:01:51.392,44.24779,55.94749
2014-11-21 13:02:07.445,44.24779,55.84674
2014-11-21 13:02:23.225,44.24779,55.85524
2014-11-21 13:02:38.990,44.64286,55.86592
2014-11-21 13:02:54.862,44.60402,55.83122
2014-11-21 13:03:10.623,44.24779,55.55556
2014-11-21 13:03:26.464,45.00061,55.55556
2014-11-21 13:03:42.556,44.95659,55.24862
2014-11-21 13:03:58.239,44.95659,55.55556
2014-11-21 13:04:14.448,44.64286,55.55556
2014-11-21 13:04:30.245,44.8834,55.55556
2014-11-21 13:04:46.049,44.8834,55.55556
2014-11-21 13:05:01.800,44.64286,55.48896
2014-11-21 13:05:18.209,44.79796,55.54665
2014-11-21 13:05:33.997,44.35346,55.80304
2014-11-21 13:05:49.788,44.64286,55.5687
2014-11-21 13:06:05.584,44.64286,55.55614
2014-11-21 13:06:21.413,44.32512,55.77544
2014-11-21 13:06:42.926,44.24779,55.86592
2014-11-21 13:06:58.578,44.24779,55.86592
2014-11-21 13:07:14.653,44.2578,55.85947
2014-11-21 13:07:30.376,44.24779,55.89757
2014-11-21 13:07:46.167,43.85965,56.22745
2014-11-21 13:08:01.791,44.24779,56.07033
2014-11-21 13:08:17.734,43.85965,56.17978
2014-11-21 13:08:33.372,44.24779,56.17978
2014-11-21 13:08:49.186,44.24779,56.17394
2014-11-21 13:09:04.976,44.24779,56.16415
2014-11-21 13:09:20.775,44.24779,55.95812
2014-11-21 13:09:36.561,44.24779,56.13772
2014-11-21 13:09:52.157,43.62245,56.08005
2014-11-21 13:10:07.865,44.18199,56.2176
2014-11-21 13:10:24.010,44.24015,55.8721
2014-11-21 13:10:39.889,43.85965,56.33783
2014-11-21 13:10:55.584,42.83673,57.10343
2014-11-21 13:11:11.396,42.77733,57.31954
2014-11-21 13:11:27.784,42.55067,56.88313
2014-11-21 13:11:43.588,41.66667,57.97458
2014-11-21 13:11:59.365,43.10345,57.44332
2014-11-21 13:12:14.969,42.73504,57.38522
2014-11-21 13:12:30.581,44.3005,56.35607
2014-11-21 13:12:46.376,44.25924,55.92588
2014-11-21 13:13:02.277,44.82508,55.26977
2014-11-21 13:13:18.104,43.08426,57.40577
2014-11-21 13:13:33.763,43.10345,57.69429
2014-11-21 13:13:49.373,43.10345,57.24074
2014-11-21 13:14:05.252,41.66667,58.47393
2014-11-21 13:14:20.991,42.01681,58.36144
2014-11-21 13:14:36.796,42.01059,58.10159
2014-11-21 13:14:52.620,41.95604,58.11683
2014-11-21 13:15:08.498,41.66667,58.54477
2014-11-21 13:15:24.182,41.66667,60.24096
2014-11-21 13:15:40.013,40,60.34611
2014-11-21 13:15:55.804,40,63.68899
2014-11-21 13:16:11.561,38.40628,61.83163
2014-11-21 13:16:27.434,38.46154,61.48979
2014-11-21 13:16:43.420,38.46154,59.71127
2014-11-21 13:16:59.190,40.91088,59.97064
2014-11-21 13:17:14.994,37.0799,62.96685
2014-11-21 13:17:31.261,37.03704,62.97242
2014-11-21 13:17:47.181,40,59.97717
2014-11-21 13:18:03.000,41.82037,57.95051
2014-11-21 13:18:18.834,42.37288,57.90982
2014-11-21 13:18:34.587,43.46468,56.98228
2014-11-21 13:18:50.404,43.27749,56.75204
2014-11-21 13:19:06.203,42.96389,57.51562
2014-11-21 13:19:21.971,42.96389,58.46986
2014-11-21 13:19:37.794,40.98361,58.95942
2014-11-21 13:19:53.562,40.29186,59.94097
2014-11-21 13:20:09.433,39.68254,60.5513
2014-11-21 13:20:25.189,39.68254,61.16668
2014-11-21 13:20:40.995,40,60.47396
2014-11-21 13:20:56.765,40,59.42469
2014-11-21 13:21:12.364,41.32231,58.79105
2014-11-21 13:21:27.979,40.15601,60.57303
2014-11-21 13:21:43.829,39.68254,60.57026
2014-11-21 13:22:00.634,39.92628,60.13336
2014-11-21 13:22:16.357,40.28956,59.89375
2014-11-21 13:22:31.979,40.32258,59.57552
2014-11-21 13:22:47.860,40.32258,59.72579
2014-11-21 13:23:03.554,40.00325,59.87243
2014-11-21 13:23:19.408,39.26903,60.80633
2014-11-21 13:23:35.173,38.02806,62.33329
2014-11-21 13:23:51.034,35.97122,62.81509
2014-11-21 13:24:06.784,34.72222,65.52374
2014-11-21 13:24:22.558,35.82173,64.32644
2014-11-21 13:24:38.522,36.33916,64.17518
2014-11-21 13:24:54.647,35.21127,65.68885
2014-11-21 13:25:10.361,35.21127,68.52794
2014-11-21 13:25:25.968,30.76923,69.74009
2014-11-21 13:25:42.041,31.01853,69.11647
2014-11-21 13:25:57.769,33.53255,66.58412
2014-11-21 13:26:13.350,33.33333,66.49648
2014-11-21 13:26:28.968,33.33333,71.42857
2014-11-21 13:26:44.779,27.74413,72.47001
2014-11-21 13:27:01.766,26.66667,73.29981
2014-11-21 13:27:17.536,26.66667,73.29258
2014-11-21 13:27:33.161,25.64103,74.57662
2014-11-21 13:27:48.783,24.85215,75.1807
2014-11-21 13:28:04.562,24.93365,75.00254
2014-11-21 13:28:20.201,24.39024,75.69374
2014-11-21 13:28:35.965,24.05847,76.14651
2014-11-21 13:28:51.556,23.96164,76.1191
2014-11-21 13:29:07.541,23.80952,76.32352
2014-11-21 13:29:23.729,23.80952,76.33236
2014-11-21 13:29:39.365,23.55727,76.3308
2014-11-21 13:29:55.010,23.62705,76.43508
2014-11-21 13:30:10.829,23.62705,78.02827
2014-11-21 13:30:26.610,23.62705,78.64049
2014-11-21 13:30:43.074,42.93724,60.53961
2014-11-21 13:30:58.838,42.93724,79.60212
2014-11-21 13:31:14.598,20,80.29981
2014-11-21 13:31:30.580,20,80.64516
2014-11-21 13:31:46.408,20,81.29124
2014-11-21 13:32:02.203,17.85714,81.4654
2014-11-21 13:32:18.187,18.51852,81.74731
2014-11-21 13:32:34.025,18.18182,81.80216
2014-11-21 13:32:49.829,18.18182,82.40648
2014-11-21 13:33:05.585,17.24138,83.12865
2014-11-21 13:33:21.859,16.9589,83.26112
2014-11-21 13:33:37.578,16.9589,83.33333
2014-11-21 13:33:53.463,16.9589,83.33255
2014-11-21 13:34:09.280,17.1214,82.88002
2014-11-21 13:34:25.960,17.83549,81.40803
2014-11-21 13:34:41.608,18.51852,81.563
2014-11-21 13:34:57.425,18.18182,82.50551
2014-11-21 13:35:13.314,18.18182,82.63851
2014-11-21 13:35:29.070,18.51852,80.96447
2014-11-21 13:35:44.795,18.68584,81.08566
2014-11-21 13:36:00.618,18.18182,82.33215
2014-11-21 13:36:16.410,18.18182,82.46404
2014-11-21 13:36:32.188,18.18182,83.04311
2014-11-21 13:36:48.247,17.54386,83.32939
2014-11-21 13:37:03.979,17.24138,83.07934
2014-11-21 13:37:19.830,17.17398,82.67541
2014-11-21 13:37:35.671,17.09402,82.89794
2014-11-21 13:38:00.901,16.78795,83.51389
2014-11-21 13:38:16.588,16.66667,83.36229
2014-11-21 13:38:32.381,16.66667,83.35048
2014-11-21 13:38:48.399,16.1376,84.03361
2014-11-21 13:39:04.244,16.12903,84.05954
2014-11-21 13:39:20.059,15.75542,84.15323
2014-11-21 13:39:37.096,15.625,84.43952
2014-11-21 13:39:53.551,15.625,84.74576
2014-11-21 13:40:09.242,15.625,85.11287
2014-11-21 13:40:25.062,15.625,84.64335
2014-11-21 13:40:41.249,15.36496,84.63773
2014-11-21 13:40:57.304,14.70588,85.60103
2014-11-21 13:41:13.099,14.70588,86.08184
2014-11-21 13:41:28.999,14.70588,86.2069
2014-11-21 13:41:45.076,14.70588,86.2069
2014-11-21 13:42:00.844,10.86957,89.32585
2014-11-21 13:42:16.805,10.86957,87.15799
2014-11-21 13:42:32.551,10.86957,86.81061
2014-11-21 13:42:48.180,10.86957,85.42877
2014-11-21 13:43:04.055,14.55046,86.2099
2014-11-21 13:43:19.817,13.88889,86.88961
2014-11-21 13:43:35.572,13.82515,86.94558
2014-11-21 13:43:51.376,10.86957,89.27264
2014-11-21 13:44:07.311,10.86957,89.74749
2014-11-21 13:44:22.999,10.86957,87.6421
2014-11-21 13:44:39.390,13.15789,85.80495
2014-11-21 13:44:55.220,14.70588,85.40352
2014-11-21 13:45:11.004,15.06095,85.88781
2014-11-21 13:45:27.026,12.89495,87.32109
2014-11-21 13:45:42.832,12.82051,87.06457
2014-11-21 13:45:59.165,12.82051,85.43522
2014-11-21 13:46:14.804,14.97995,84.9916
2014-11-21 13:46:30.619,15.625,85.13573
2014-11-21 13:46:46.377,15.77084,84.07847
2014-11-21 13:47:07.709,15.73255,84.34149
2014-11-21 13:47:44.334,16.09403,84.47776
2014-11-21 13:48:00.364,15.7649,84.15225
2014-11-21 13:48:15.988,15.625,84.91576
2014-11-21 13:48:31.805,13.88889,85.59513
2014-11-21 13:48:47.620,13.88889,86.22624
2014-11-21 13:49:08.444,14.70588,86.18852
2014-11-21 13:49:24.207,13.91884,86.19573
2014-11-21 13:49:41.405,13.54589,86.64767
2014-11-21 13:49:57.186,13.25753,86.95222
2014-11-21 13:50:12.996,13.29886,86.91464
2014-11-21 13:50:28.871,13.66993,86.25845
2014-11-21 13:50:44.600,13.15789,87.52877
2014-11-21 13:51:00.395,13.15789,85.65982
2014-11-21 13:51:16.207,14.70588,86.18836
2014-11-21 13:51:32.033,15.15152,84.81168
2014-11-21 13:51:48.347,15.625,84.81866
2014-11-21 13:52:03.979,15.2159,85.46838
2014-11-21 13:52:19.787,14.69931,85.48562
2014-11-21 13:52:35.575,15.56578,84.77564
2014-11-21 13:52:51.380,14.70588,85.51955
2014-11-21 13:53:07.888,14.70588,85.51008
2014-11-21 13:53:23.599,15.14468,85.53158
2014-11-21 13:53:39.382,15.95297,84.73245
2014-11-21 13:53:55.300,15.84801,84.44767
2014-11-21 13:54:10.996,15.625,84.71998
2014-11-21 13:54:26.838,15.625,84.12269
2014-11-21 13:54:44.999,15.625,84.3437
2014-11-21 13:55:00.812,15.71254,84.07828
2014-11-21 13:55:16.601,16.01808,84.0554
2014-11-21 13:55:32.430,16.66667,82.64861
2014-11-21 13:55:48.497,17.49986,82.68744
2014-11-21 13:56:04.196,16.64475,83.92004
2014-11-21 13:56:20.131,15.81425,84.2321
2014-11-21 13:56:35.878,15.81425,85.4321
2014-11-21 13:56:51.612,14.70588,85.51462
2014-11-21 13:57:07.457,15.625,85.46403
2014-11-21 13:57:23.537,15.625,84.74484
2014-11-21 13:57:39.304,16.12903,84.74384
2014-11-21 13:57:55.255,16.66667,82.69239
2014-11-21 13:58:11.046,17.32496,82.64417
2014-11-21 13:58:26.850,17.32496,82.64463
2014-11-21 13:58:42.982,19.13419,80.71265
2014-11-21 13:59:04.181,20.19409,79.59369
2014-11-21 13:59:20.058,22.22222,78.907
2014-11-21 13:59:37.060,22.11144,81.05067
2014-11-21 13:59:52.850,18.18182,81.96721
2014-11-21 14:00:08.706,17.93076,81.82145
2014-11-21 14:00:25.087,21.2766,78.79333
2014-11-21 14:00:40.887,22.90548,78.89041
2014-11-21 14:00:57.090,26.37723,77.98691
2014-11-21 14:01:12.831,32.7617,68.41024
2014-11-21 14:01:28.625,29.85075,71.20666
2014-11-21 14:01:44.617,29.39552,70.38728
2014-11-21 14:02:00.494,31.25496,69.21292
2014-11-21 14:02:16.230,31.8844,67.88829
2014-11-21 14:02:32.043,32.20442,67.74233
2014-11-21 14:02:48.629,32.00339,68.21224
2014-11-21 14:03:04.999,33.33333,67.30675
2014-11-21 14:03:20.814,32.9392,67.41016
2014-11-21 14:03:36.726,32.55862,67.59269
2014-11-21 14:03:52.459,32.51745,67.83279
2014-11-21 14:04:08.237,32.16841,66.98967
2014-11-21 14:04:24.037,32.78689,67.17954
2014-11-21 14:04:40.169,32.28797,67.5761
2014-11-21 14:04:55.900,31.97526,68.29163
2014-11-21 14:05:11.716,31.74603,68.0908
2014-11-21 14:05:27.426,31.74603,68.03117
2014-11-21 14:05:43.735,32.08193,68.02588
2014-11-21 14:05:59.464,32.39372,67.63408
2014-11-21 14:06:15.330,32.39372,67.06604
2014-11-21 14:06:31.038,33.29232,67.01186
2014-11-21 14:06:46.876,32.78689,67.69566
2014-11-21 14:07:03.068,32.39968,67.89639
2014-11-21 14:07:18.851,33.87209,65.77857
2014-11-21 14:07:35.154,33.47429,66.0611
2014-11-21 14:08:03.966,33.2912,67.76928
2014-11-21 14:08:19.575,30.8879,69.24183
2014-11-21 14:08:35.381,30.6952,69.58961
2014-11-21 14:08:51.291,30.69703,69.70098
2014-11-21 14:09:07.024,30.30826,69.60873
2014-11-21 14:09:22.801,31.75826,68.3437
2014-11-21 14:09:38.660,32.14726,68.31459
2014-11-21 14:09:54.438,33.52984,66.2433
2014-11-21 14:10:10.220,33.51076,66.30062
2014-11-21 14:10:26.423,34.7598,65.28296
2014-11-21 14:10:42.838,35.13726,65.12964
2014-11-21 14:10:58.589,34.64297,65.49302
2014-11-21 14:11:14.399,34.64297,65.34692
2014-11-21 14:11:30.284,35.69035,63.97948
2014-11-21 14:11:46.024,36.58666,63.47929
2014-11-21 14:12:01.839,36.72717,63.3484
2014-11-21 14:12:17.646,36.52566,63.4301
2014-11-21 14:12:33.428,37.03308,63.19458
2014-11-21 14:12:49.459,37.18143,63.25722
2014-11-21 14:13:05.240,36.97293,62.97998
2014-11-21 14:13:21.323,37.02719,62.97405
2014-11-21 14:13:37.037,36.78713,63.60848
2014-11-21 14:13:52.782,35.96328,64.90827
2014-11-21 14:14:08.571,35.96328,64.93506
2014-11-21 14:14:24.413,35.41221,64.71087
2014-11-21 14:14:40.229,35.41221,64.42107
2014-11-21 14:14:56.024,35.71936,64.22614
2014-11-21 14:15:11.781,35.75656,64.50397
2014-11-21 14:15:27.560,35.87289,64.25915
2014-11-21 14:15:43.260,35.87289,64.10214
2014-11-21 14:15:58.999,36.12034,64.00093
2014-11-21 14:16:14.851,35.7152,64.434
2014-11-21 14:16:30.593,35.6306,64.91488
2014-11-21 14:16:46.398,35.75734,63.69809
2014-11-21 14:17:02.334,35.75734,62.41232
2014-11-21 14:17:18.175,37.02741,62.90056
2014-11-21 14:17:34.838,34.82244,64.84847
2014-11-21 14:17:50.597,34.72222,65.44416
2014-11-21 14:18:06.382,36.83488,63.334
2014-11-21 14:18:22.275,37.04614,62.88267
2014-11-21 14:18:38.009,38.78586,60.90539
2014-11-21 14:18:53.839,38.7735,60.99759
2014-11-21 14:19:09.641,38.86324,60.29911
2014-11-21 14:19:25.387,40.17617,59.83473
2014-11-21 14:19:41.231,40.43411,59.60842
2014-11-21 14:19:57.042,40.50925,59.49339
2014-11-21 14:20:12.916,40.50092,59.73614
2014-11-21 14:20:28.621,40.52652,59.52831
2014-11-21 14:20:44.391,40.66041,59.33139
2014-11-21 14:21:00.185,40.81358,59.52381
2014-11-21 14:21:16.060,40.76807,59.41195
2014-11-21 14:21:31.819,40.32735,59.54929
2014-11-21 14:21:47.611,40.4072,59.65815
2014-11-21 14:22:03.391,40.32258,59.77908
2014-11-21 14:22:19.242,40.30954,59.90349
2014-11-21 14:22:35.000,39.82602,59.72196
2014-11-21 14:22:51.101,40.31008,61.33477
2014-11-21 14:23:07.236,24.59983,67.01838
2014-11-21 14:23:23.032,35.5093,63.02978
2014-11-21 14:23:39.331,35.55253,65.08053
2014-11-21 14:23:55.050,35.21127,64.88439
2014-11-21 14:24:11.287,35.97122,64.32767
2014-11-21 14:24:27.377,35.60505,64.67855
2014-11-21 14:24:43.304,35.28727,64.86359
2014-11-21 14:24:59.093,35.26978,64.94145
2014-11-21 14:25:14.826,34.98401,65.06055
2014-11-21 14:25:30.781,34.98412,65.84056
2014-11-21 14:25:46.615,36.50628,63.54828
2014-11-21 14:26:02.536,36.91657,62.23893
2014-11-21 14:26:18.198,38.14981,61.97454
2014-11-21 14:26:34.063,38.02281,62.20699
2014-11-21 14:26:49.863,38.46154,61.02916
2014-11-21 14:27:05.775,38.773,61.11027
2014-11-21 14:27:21.688,38.61238,62.02339
2014-11-21 14:27:37.432,38.61238,61.50935
2014-11-21 14:27:53.209,39.55034,60.67505
2014-11-21 14:28:09.460,38.75969,61.29367
2014-11-21 14:28:31.423,40.32258,59.84775
2014-11-21 14:28:47.182,42.03338,58.17023
2014-11-21 14:29:02.993,44.43551,57.18114
2014-11-21 14:29:18.869,45.96369,53.84723
2014-11-21 14:29:34.795,47.16981,52.90893
2014-11-21 14:29:50.853,47.80103,52.33952
2014-11-21 14:30:06.641,44.94859,54.48891
2014-11-21 14:30:22.458,45.04095,54.68853
2014-11-21 14:30:38.227,37.8885,57.79472
2014-11-21 14:30:54.130,41.28822,58.90366
2014-11-21 14:31:09.845,41.28822,58.98614
2014-11-21 14:31:25.973,38.98494,60.92872
2014-11-21 14:31:41.861,38.08844,61.89399
2014-11-21 14:31:57.643,38.08844,59.04909
2014-11-21 14:32:13.464,42.07977,58.69752
2014-11-21 14:32:29.366,38.98061,61.30422
2014-11-21 14:32:45.537,38.46154,61.39749
2014-11-21 14:33:01.240,38.75969,61.12475
2014-11-21 14:33:17.058,39.0625,61.00715
2014-11-21 14:33:32.886,38.46625,62.98062
2014-11-21 14:33:48.652,37.24292,63.00074
2014-11-21 14:34:04.485,37.02784,63.04338
2014-11-21 14:34:20.271,36.64037,62.9489
2014-11-21 14:34:36.285,36.76471,63.02097
2014-11-21 14:34:53.296,36.8432,62.89571
2014-11-21 14:35:09.020,36.76471,63.25218
2014-11-21 14:35:24.883,36.76471,63.28387
2014-11-21 14:35:40.923,36.66515,63.43344
2014-11-21 14:35:56.647,37.50414,64.50991
2014-11-21 14:36:12.497,33.33333,66.92306
2014-11-21 14:36:28.313,33.33333,66.67525
2014-11-21 14:36:45.247,33.39714,65.76354
2014-11-21 14:37:01.374,36.22787,63.99833
2014-11-21 14:37:17.263,36.41403,64.23572
2014-11-21 14:37:33.172,38.42547,61.59304
2014-11-21 14:37:49.047,38.76546,61.27058
2014-11-21 14:38:04.856,39.51199,61.18733
2014-11-21 14:38:20.620,40.9644,58.98473
2014-11-21 14:38:36.508,41.29597,59.16153
2014-11-21 14:38:52.244,40.5472,59.73902
2014-11-21 14:39:08.117,40.48135,59.85022
2014-11-21 14:39:23.905,41.65658,58.6206
2014-11-21 14:39:39.644,42.22024,57.79588
2014-11-21 14:39:56.980,42.40165,57.7309
2014-11-21 14:40:13.004,41.63892,57.26926
2014-11-21 14:40:28.873,40.65041,59.47686
2014-11-21 14:40:44.703,40.65041,60.77726
2014-11-21 14:41:00.484,40.65041,61.60053
2014-11-21 14:41:16.528,37.03704,62.87027
2014-11-21 14:41:32.274,37.26067,63.10885
2014-11-21 14:41:48.090,36.62285,63.05726
2014-11-21 14:42:03.863,37.03595,63.30202
2014-11-21 14:42:19.639,37.19176,63.05508
2014-11-21 14:42:35.526,36.98511,63.17651
2014-11-21 14:42:51.607,36.80909,63.43609
2014-11-21 14:43:07.421,36.49635,63.71386
2014-11-21 14:43:23.260,36.23188,64.07276
2014-11-21 14:43:39.054,36.17899,64.51144
2014-11-21 14:43:54.914,33.31123,67.24429
2014-11-21 14:44:10.649,33.33113,67.6001
2014-11-21 14:44:26.454,35.63555,64.6465
2014-11-21 14:44:42.293,34.29348,65.73202
2014-11-21 14:44:59.155,32.10364,68.85943
2014-11-21 14:45:14.814,31.6092,68.85525
2014-11-21 14:45:30.635,31.90048,68.24065
2014-11-21 14:45:46.442,33.84324,66.09606
2014-11-21 14:46:03.171,33.36587,66.97647
2014-11-21 14:46:19.075,28.43738,72.25384
2014-11-21 14:46:34.837,27.81307,72.53526
2014-11-21 14:46:50.691,26.60976,74.18457
2014-11-21 14:47:06.486,20.72856,79.46586
2014-11-21 14:47:22.504,17.10501,82.33664
2014-11-21 14:47:38.195,17.84423,82.52685
2014-11-21 14:47:54.088,18.52254,81.40947
2014-11-21 14:48:09.845,17.33656,83.28074
2014-11-21 14:48:25.641,16.1035,83.55838
2014-11-21 14:48:46.719,15.58411,85.24921
2014-11-21 14:49:02.404,14.10512,85.86386
2014-11-21 14:49:18.241,13.91295,85.38987
2014-11-21 14:49:34.012,13.91295,85.35262
2014-11-21 14:49:49.844,15.625,85.22009
2014-11-21 14:50:07.293,14.57655,85.49756
2014-11-21 14:50:23.021,14.68572,85.62371
2014-11-21 14:50:38.832,14.69245,85.84657
2014-11-21 14:50:54.668,14.61422,85.73748
2014-11-21 14:51:10.435,14.64063,85.80476
2014-11-21 14:51:26.528,14.4267,85.72553
2014-11-21 14:51:42.248,14.70588,85.60743
2014-11-21 14:51:58.161,14.08746,85.7424
2014-11-21 14:52:13.844,14.47899,85.65479
2014-11-21 14:52:29.680,13.70408,86.88296
2014-11-21 14:52:45.716,13.88889,86.16138
2014-11-21 14:53:01.792,14.36243,85.51484
2014-11-21 14:53:17.837,13.97181,86.33447
2014-11-21 14:53:33.906,12.82051,86.47239
2014-11-21 14:53:49.757,12.82051,87.37515
2014-11-21 14:54:05.647,11.36364,87.69729
2014-11-21 14:54:21.484,12.82051,86.81533
2014-11-21 14:54:37.325,13.51351,85.72559
2014-11-21 14:54:53.092,14.70588,85.84182
2014-11-21 14:55:10.929,13.88889,85.5885
2014-11-21 14:55:27.066,15.02454,85.59003
2014-11-21 14:55:42.989,15.15152,84.78963
2014-11-21 14:55:59.001,15.2541,84.54359
2014-11-21 14:56:15.036,15.7719,84.41603
2014-11-21 14:56:31.251,15.68437,84.2648
2014-11-21 14:56:47.441,15.68437,81.22628
2014-11-21 14:57:03.329,19.92557,79.67493
2014-11-21 14:57:19.133,23.82706,76.60462
2014-11-21 14:57:34.852,25.44337,74.55569
2014-11-21 14:57:51.019,26.79973,73.29949
2014-11-21 14:58:07.241,24.76864,73.12643
2014-11-21 14:58:23.192,22.72727,77.2703
2014-11-21 14:58:39.511,22.26569,78.02787
2014-11-21 14:58:55.425,18.86792,81.34429
2014-11-21 14:59:11.843,19.32878,80.76543
2014-11-21 14:59:28.036,19.32878,79.25287
2014-11-21 14:59:44.611,22.22222,82.9277
2014-11-21 15:00:00.546,16.36891,84.09442
2014-11-21 15:00:18.414,16.67711,83.3577
2014-11-21 15:00:34.241,19.70093,79.51473
2014-11-21 15:00:50.118,19.70093,81.42298
2014-11-21 15:01:05.863,16.66667,83.66196
2014-11-21 15:01:21.761,16.66667,83.95575
2014-11-21 15:01:37.589,15.77918,85.35652
2014-11-21 15:01:53.524,15.15152,85.15255
2014-11-21 15:02:09.270,15.24746,84.86632
2014-11-21 15:02:25.129,16.09315,84.06303
2014-11-21 15:02:41.083,15.71178,83.98474
2014-11-21 15:02:56.944,15.71178,83.36189
2014-11-21 15:03:13.012,16.28795,83.52768
2014-11-21 15:03:28.850,16.50106,83.411
2014-11-21 15:03:44.659,16.42656,83.36953
2014-11-21 15:04:00.488,16.64395,83.35727
2014-11-21 15:04:16.219,16.66883,83.19322
2014-11-21 15:04:32.129,17.32644,82.64481
2014-11-21 15:04:47.897,18.51852,81.36901
2014-11-21 15:05:04.193,18.78773,81.04212
2014-11-21 15:05:20.334,30.60839,77.65813
2014-11-21 15:05:36.293,18.17918,82.41573
2014-11-21 15:05:52.369,19.23077,81.69044
2014-11-21 15:06:08.010,18.76565,81.36598
2014-11-21 15:06:25.110,18.32101,82.26919
2014-11-21 15:06:41.154,16.66667,83.95515
2014-11-21 15:06:56.874,16.14424,83.96522
2014-11-21 15:07:12.714,14.99786,84.68358
2014-11-21 15:07:28.505,12.83787,87.01846
2014-11-21 15:07:44.629,12.57159,87.68285
2014-11-21 15:08:00.413,11.64758,88.29805
2014-11-21 15:08:16.660,8.127769,91.7431
2014-11-21 15:08:32.469,8.196027,91.73964
2014-11-21 15:08:48.224,8.695652,91.07467
2014-11-21 15:09:09.514,8.883818,91.08237
2014-11-21 15:09:25.384,8.024189,92.01241
2014-11-21 15:09:41.284,7.881871,92.46187
2014-11-21 15:09:57.032,7.817315,92.57953
2014-11-21 15:10:13.064,7.407407,93.30501
2014-11-21 15:10:28.832,6.896552,93.09214
2014-11-21 15:10:44.693,7.10542,93.08441
2014-11-21 15:11:00.423,6.892712,92.82611
2014-11-21 15:11:16.191,6.896552,92.24634
2014-11-21 15:11:32.043,7.832248,91.98719
2014-11-21 15:11:47.837,7.716502,92.49515
2014-11-21 15:12:03.880,8.211608,91.68859
2014-11-21 15:12:19.614,7.142857,93.20566
2014-11-21 15:12:35.404,7.060488,92.78417
2014-11-21 15:12:51.197,6.968701,93.31687
2014-11-21 15:13:07.004,6.896552,93.32049
2014-11-21 15:13:23.167,6.673324,93.45794
2014-11-21 15:13:38.885,6.666667,94.32596
2014-11-21 15:13:54.979,5.714286,95.05825
2014-11-21 15:14:10.947,5.714286,94.28017
2014-11-21 15:14:26.642,6.666667,93.88059
2014-11-21 15:14:42.713,6.451613,92.62875
2014-11-21 15:14:58.649,6.451613,92.87799
2014-11-21 15:15:14.513,8.201715,91.76197
2014-11-21 15:15:30.523,7.407407,91.97301
2014-11-21 15:15:46.199,8.695652,91.24795
2014-11-21 15:16:02.034,8.783822,91.06613
2014-11-21 15:16:17.860,8.706036,91.65376
2014-11-21 15:16:34.197,8.695652,91.00423
2014-11-21 15:16:50.020,8.340386,91.18844
2014-11-21 15:17:05.816,8.361211,91.59601
2014-11-21 15:17:21.651,8.361211,91.01599
2014-11-21 15:17:37.433,8.313328,91.74267
2014-11-21 15:17:53.537,8.313328,91.47382
2014-11-21 15:18:09.235,8,92.34561
2014-11-21 15:18:25.137,7.142857,92.38287
2014-11-21 15:18:40.833,6.831438,93.42628
2014-11-21 15:18:56.634,6.666667,94.29786
2014-11-21 15:19:12.421,5.548996,94.39212
2014-11-21 15:19:28.217,5.555556,94.34233
2014-11-21 15:19:44.607,5.714286,94.22837
2014-11-21 15:20:00.423,6.451613,93.4839
2014-11-21 15:20:16.278,5.714286,94.16863
2014-11-21 15:20:32.023,5.555556,94.33962
2014-11-21 15:20:47.801,5.633001,94.39967
2014-11-21 15:21:03.640,5.633001,94.32563
2014-11-21 15:21:19.458,6.451613,93.45794
2014-11-21 15:21:35.239,6.666667,93.51961
2014-11-21 15:21:51.038,6.25,93.46361
2014-11-21 15:22:06.824,7.142857,93.45539
2014-11-21 15:22:22.721,6.405199,93.53353
2014-11-21 15:22:39.298,6.463502,93.45993
2014-11-21 15:22:55.086,6.666667,93.45794
2014-11-21 15:23:10.853,6.255744,93.45794
2014-11-21 15:23:26.706,6.509727,93.48172
2014-11-21 15:23:42.771,6.410558,93.50819
2014-11-21 15:23:58.627,6.308991,93.77065
2014-11-21 15:24:14.405,6.451613,93.51449
2014-11-21 15:24:30.641,6.451613,93.45794
2014-11-21 15:24:46.829,6.316389,94.29364
2014-11-21 15:25:02.672,5.714286,93.95815
2014-11-21 15:25:18.479,5.714286,94.43603
2014-11-21 15:25:34.254,5.555556,94.38838
2014-11-21 15:25:50.045,5.555556,93.45794
2014-11-21 15:26:06.400,7.038133,93.30553
2014-11-21 15:26:22.206,5.587069,94.16952
2014-11-21 15:26:38.080,5.639163,94.34821
2014-11-21 15:26:53.886,4.993878,95.2381
2014-11-21 15:27:09.628,4.329527,95.68055
2014-11-21 15:27:25.424,4.287136,96.14949
2014-11-21 15:27:41.861,4.347826,95.33828
2014-11-21 15:27:57.642,4.761905,95.24921
2014-11-21 15:28:13.520,4.788234,96.09614
2014-11-21 15:28:29.301,4.347826,96.12581
2014-11-21 15:28:45.694,4,96.12814
2014-11-21 15:29:01.429,2.941176,97.08084
2014-11-21 15:29:17.273,2.941176,98.00859
2014-11-21 15:29:41.333,2,98.03922
2014-11-21 15:29:57.138,1.549513,98.09765
2014-11-21 15:30:12.810,2.886229,98.00852
2014-11-21 15:30:29.093,2.886229,98.5803
2014-11-21 15:30:45.478,26.35318,489.5562
2014-11-21 15:31:01.205,0.7682093,99.0099
2014-11-21 15:31:17.086,0.7202371,99.0099
2014-11-21 15:31:32.825,0.529066,99.0099
2014-11-21 15:31:48.702,0.6706612,99.0099
2014-11-21 15:32:04.420,0.6449725,99.0099
2014-11-21 15:32:20.253,0.7142857,99.0099
2014-11-21 15:32:36.005,0.7142857,99.0099
2014-11-21 15:32:52.173,0.6666667,99.0099
2014-11-21 15:33:08.046,0.7142857,99.0099
2014-11-21 15:33:23.837,0.7142857,99.0099
2014-11-21 15:33:39.647,1,99.0099
2014-11-21 15:33:55.721,1,99.0099
2014-11-21 15:34:11.463,1,99.0099
2014-11-21 15:34:27.224,0.7142857,99.0099
2014-11-21 15:34:43.106,0.9074733,99.0099
2014-11-21 15:34:58.931,0.625,99.0099
2014-11-21 15:35:14.621,1,99.0099
2014-11-21 15:35:30.688,0.5,99.0099
2014-11-21 15:35:46.990,0.4,99.0099
2014-11-21 15:36:02.899,0.4,99.0099
2014-11-21 15:36:18.652,0.4,99.0099
2014-11-21 15:36:34.503,0.4,99.0099
2014-11-21 15:36:50.955,0.4,99.0099
2014-11-21 15:37:06.870,0.4,99.0099
